"pathway","pval","padj","log2err","ES","NES","size","leadingEdge"
"HALLMARK_UV_RESPONSE_DN",2.33637910379725e-12,3.89396517299542e-11,0.898671232061694,0.577239894977284,2.45675470260388,131,"RUNX1, ATP2B1, CDC42BPA, LTBP1, INPP4B, RND3, ATXN1, NRP1, MMP16, TGFBR2, NIPBL, PTGFR, FHL2, FYN, MAGI2, COL11A1, CITED2, PRKAR2B, CELF2, F3, ATP2B4, MYC, PHF3, IRS1, PDLIM5, BHLHE40, GJA1, ADGRL2, CDK13, SMAD3, ADD3, COL3A1, ZMIZ1, TFPI, FBLN5, RASA2, SNAI2, PRKCA, MGMT, PRKCE, DYRK1A, ATRX, MAPK14, PRDM2, CACNA1A, TOGARAM1, SYNJ2, EFEMP1, GRK5, NFKB1, COL5A2, ICA1, SYNE1, SIPA1L1, MAP1B, NEK7, PLPP3, DUSP1, NR3C1, PIAS3, IGF1R, PEX14, ARHGEF9, SRI, KCNMA1, INSIG1"
"HALLMARK_TNFA_SIGNALING_VIA_NFKB",8.46834288522729e-16,4.23417144261364e-14,1.02766987054358,0.557559406269621,2.44353246245076,178,"ATP2B1, NFE2L2, DENND5A, SOD2, HES1, SERPINB8, IRS2, KLF6, BTG3, TANK, GCH1, DUSP4, F3, ABCA1, SLC2A3, IER3, MYC, JUN, SIK1, PDLIM5, BHLHE40, FOSL2, RCAN1, TRAF1, CD44, BCL6, PTGER4, EDN1, TRIB1, SMAD3, BTG1, PTX3, RIPK2, IER5, BCL2A1, GPR183, CSF1, B4GALT1, BMP2, PFKFB3, KLF9, EGR1, CCNL1, KLF4, CEBPB, MAFF, MAP3K8, ZBTB10, KLF2, IRF1, PHLDA1, CLCF1, IL7R, KYNU, TIPARP, IL6, DUSP5, EGR3, TUBB2A, ATF3, NR4A2, IER2, GFPT2, CD83, ID2, IFIH1, PANX1, FOS, NFKB1, BIRC2, STAT5A, TNFAIP3, HBEGF, CCND1, IL6ST, TNFAIP6, SLC16A6, TGIF1, PLPP3, DUSP1, G0S2, MARCKS"
"HALLMARK_G2M_CHECKPOINT",2.68619751729258e-14,6.71549379323144e-13,0.97599468306432,0.54139276924525,2.36254067244495,184,"DMD, SYNCRIP, PLK4, KPNB1, FOXN3, E2F3, MAP3K20, NEK2, PDS5B, FANCC, PRIM2, HSPA8, RPA2, HNRNPD, UCK2, CDK1, ORC5, MYC, PTTG1, UPF1, LBR, SMC2, ILF3, CUL1, TMPO, KPNA2, TOP1, SMAD3, MNAT1, KIF5B, CDC7, EGF, SFPQ, TTK, EFNA5, CENPF, ODC1, ATRX, KIF2C, ARID4A, MAPK14, TGFB1, WRN, CUL5, MCM6, SRSF1, CHEK1, SLC12A2, SLC38A1, DKC1, PURA, RPS6KA5, PRC1, SMC4, TLE3, E2F2, SS18, PRPF4B, SMARCC1, RAD21, GINS2, INCENP, BUB3, CCND1, CENPE, HNRNPU, TRA2B, HIF1A, MARCKS, HMGA1, POLA2, TNPO2, RBL1, LMNB1, PRMT5, RAD54L, KIF22, BRCA2, MAD2L1, DR1, STMN1, MKI67, CUL3"
"HALLMARK_APOPTOSIS",1.96200077444839e-11,1.63500064537366e-10,0.863415391606693,0.53992184860474,2.33191919066123,147,"CASP4, DNAJC3, APP, ROCK1, SOD2, CD38, BCL2L10, FASLG, EMP1, PLPPR4, BTG3, TIMP3, F2, GSTM1, PAK1, GCH1, IER3, JUN, SATB1, LEF1, ANKH, KRT18, CD44, ANXA1, LGALS3, TNFSF10, MGMT, BMP2, RETSAT, DCN, IGF2R, HMGB2, CASP6, PTK2, IRF1, TGFB2, FEZ1, PSEN2, IL6, EGR3, GUCY2D, HGF, ATF3, PPP3R1, FAS, CREBBP, CASP8, CYLD, BCL2L11, CCND1, PMAIP1, SC5D, IFNB1, ISG20, GPX4, CD14, TXNIP, TIMP2, GADD45A, HSPB1, DNAJA1, BIK"
"HALLMARK_ALLOGRAFT_REJECTION",8.74525862061126e-12,8.74525862061126e-11,0.875325132024659,0.533274052152718,2.29069079083207,158,"GPR65, HLA-DOB, CXCL13, INHBB, FASLG, F2, UBE2N, HDAC9, CD247, MTIF2, GZMB, MBL2, IL4, IL9, TRAT1, KRT1, IRF4, SIT1, IL7, RIPK2, CD3E, EIF3A, IL12A, CSF1, CD28, IRF8, CD47, CD4, TPD52, EGFR, ELF4, IGSF6, TGFB2, CD96, TLR6, TLR3, CD8A, PRKCG, BCAT1, EIF3D, IL6, WAS, TGFB1, SRGN, ST8SIA4, PRKCB, LY86, ETS1, FAS, RPL39, APBB1, CARTPT, CD40LG, IFNAR2, LY75, NCF4, IL10, CD1D, HIF1A, MAP3K7, HLA-G, EIF4G3, CD40, CRTAM, IL2RG, IL13, CSK, RPS3A, GALNT1, IL12B, BCL10, TRAF2, TAP1, STAT4, RPL9, ACVR2A, SOCS1, NLRP3, NOS2, ITGB2, RPS19, CFP"
"HALLMARK_PI3K_AKT_MTOR_SIGNALING",5.84488685956598e-09,1.74563166038438e-08,0.761460801445585,0.562128396224298,2.27309907358845,97,"GNA14, ACTR3, PIKFYVE, NGF, VAV3, PITX2, FASLG, NOD1, PPP2R1B, SLA, UBE2N, GRB2, CDK1, IL4, CAMK4, PRKAR2A, CXCR4, RAC1, CAB39, TIAM1, EGFR, ACTR2, EIF4E, MYD88, PRKCB, GSK3B, THEM4, RIPK1, MAPK9, MAP3K7, SFN, RPS6KA1, IL2RG, PDK1, RPS6KA3, TRAF2, UBE2D3, PTPN11, PLCG1, CFL1, MAPK8, PIN1, PTEN, GRK2, HSP90B1, YWHAB, CDKN1B, ACACA, PAK4, MAP2K3"
"HALLMARK_IL2_STAT5_SIGNALING",7.05794580736197e-12,8.74525862061126e-11,0.887074988399873,0.512476254566055,2.24328072305355,177,"GPR65, NRP1, DENND5A, SELL, EMP1, UMPS, IKZF2, POU2F1, KLF6, UCK2, ETV4, BATF, SLC2A3, MYC, BHLHE40, TRAF1, CD44, IRF4, CST7, ALCAM, SH3BGRL2, ITGA6, PRKCH, ARL4A, CDC42SE2, TNFSF10, LRIG1, XBP1, ABCB1, SNX9, CSF1, TIAM1, BMP2, IRF8, IGF2R, PTRH2, MAFF, MAP3K8, ITGAV, ODC1, GLIPR2, EOMES, DHRS3, P2RX4, TWSG1, PIM1, PHLDA1, ETFBKMT, PENK, RHOH, NFKBIZ, HUWE1, CCR4, LRRC8C, PTCH1, CD83, IRF6, CKAP4, SPRY4, HK2, SCN9A, IL10, GPX4, IKZF4, IGF1R, ICOS, PLIN2, COL6A1, IL18R1, IL13, CA2, RNH1, P4HA1, TNFRSF21, SPP1, SOCS2, NFIL3, SOCS1, MAPKAPK2"
"HALLMARK_MITOTIC_SPINDLE",3.8012031034889e-11,2.71514507392064e-10,0.851339057116899,0.50073618651192,2.18973084526445,182,"CDC42EP4, CDC42BPA, RAPGEF5, ARHGEF3, TLK1, ROCK1, KLC1, CDK5RAP2, ARFGEF1, RAPGEF6, NEK2, NIN, RFC1, CLIP2, CDK1, ARF6, CEP57, AKAP13, RAB3GAP1, PDLIM5, FSCN1, SMC3, KIF5B, KIF3B, MYH9, RASA2, CNTRL, TTK, TRIO, SOS1, ECT2, TIAM1, CENPF, CDC42EP1, BIN1, EPB41, SPTBN1, KIF2C, PCGF5, CENPJ, ARHGAP29, PXN, DYNC1H1, STK38L, PRC1, SMC4, BCL2L11, ACTN4, ARHGAP27, INCENP, ARHGAP5, RASA1, CSNK1D, CENPE, APC, BCR, NCK2, MARCKS, CAPZB, RABGAP1, MAPRE1, CLIP1, LMNB1, KIF22, RICTOR, BRCA2, DLGAP5, SSH2, SORBS2, WASL, MYH10, ARAP3"
"HALLMARK_MTORC1_SIGNALING",5.52261674563173e-11,3.45163546601983e-10,0.851339057116899,0.497952555910389,2.17234184944325,183,"ACTR3, ELOVL6, STARD4, HMGCR, SERP1, ELOVL5, GPI, GBE1, UFM1, SLC7A11, MTHFD2, HMGCS1, SLA, EDEM1, RPN1, PLOD2, SLC2A3, BHLHE40, AK4, DHCR7, PSMD12, NUFIP1, GLRX, PSMD14, ADD3, CTSC, CXCR4, M6PR, XBP1, TES, PSMA3, CACYBP, ACTR2, SCD, TCEA1, PSAT1, BCAT1, YKT6, IFRD1, GSK3B, RPA1, CYB5B, PSPH, PDAP1, TXNRD1, IMMT, MTHFD2L, HK2, TFRC, SC5D, PSMG1, HSPA4, SLC6A6, INSIG1, HPRT1, GGA2, EGLN3, UCHL5, PDK1, SLC1A4, P4HA1, UBE2D3, STIP1, NFIL3, PSMC4, CTH, PNO1, ITGB2, PGM1, CFP, HSP90B1, ARPC5L, HSPA5, RAB1A, CYP51A1, ACACA, PSMA4, MAP2K3, HSPD1, HMBS, DDX39A, QDPR, PPA1"
"HALLMARK_ESTROGEN_RESPONSE_LATE",1.05962451676701e-09,5.27160926952159e-09,0.788186810800237,0.499017233617246,2.14353984953719,158,"MOCS2, ASCL1, PLK4, ELOVL5, CPE, TPBG, RET, PTGER3, SCUBE2, FKBP5, NCOR2, BTG3, DNAJC1, PRKAR2B, GAL, ATP2B4, RPS6KA2, BATF, ALDH3A2, TRIM29, CALCR, OVOL2, DHCR7, CD44, ADD3, TST, LAMC2, PRSS23, SNX10, XBP1, PERP, TIAM1, KLF4, NRIP1, CHPT1, IDH2, FRK, TSPAN13, CACNA2D2, EGR3, LTF, ID2, FOS, SLC22A5, JAK1, DLG5, PPIF, DHRS2, GINS2, KCNK5, AFF1, CCND1, IL6ST, ST6GALNAC2, ISG20, SFN, HSPA4L, OPN3, TOB1, HPRT1, CA2, SCARB1, MYB, SLC1A4"
"HALLMARK_INFLAMMATORY_RESPONSE",5.93514764530689e-09,1.74563166038438e-08,0.761460801445585,0.491284503448507,2.11189846114048,157,"PCDH7, ATP2B1, PTAFR, KCNMB2, GPC3, NPFFR2, IFNAR1, TPBG, SELL, SLC7A2, KLF6, ADM, SLC1A2, GCH1, SLAMF1, F3, ABCA1, APLNR, CD70, MYC, DCBLD2, OSMR, BST2, PTGER4, EDN1, RGS1, RIPK2, TNFSF10, GPR183, CSF1, NMI, IRAK2, CD82, CD55, IRF1, P2RX4, TLR3, IL7R, RASGRP1, FZD5, IL6, RNF144B, CXCR6, VIP, NFKB1, ADGRE1, CSF3, HBEGF, IL10, TNFAIP6, P2RX7, RHOG, KCNJ2, HIF1A, CD14, IL1R1, CD40, SEMA4D, SLC28A2, SRI, IL18R1"
"HALLMARK_E2F_TARGETS",1.15975403929475e-09,5.27160926952159e-09,0.788186810800237,0.483947868954935,2.1109537264197,180,"RFC3, SYNCRIP, CNOT9, PLK4, RPA3, DIAPH3, BUB1B, BRMS1L, MTHFD2, PDS5B, RFC1, NUP107, PRIM2, RPA2, HNRNPD, CDK1, MYC, PTTG1, MMS22L, LBR, ILF3, TMPO, KPNA2, NAP1L1, SMC3, PMS2, AK2, TUBB, HMGB2, KIF2C, MLH1, ASF1A, RFC2, GINS4, MCM6, ING3, SRSF1, CHEK1, ANP32E, GINS1, RPA1, PSIP1, MELK, SMC4, RAD21, TFRC, CENPE, CTPS1, TRA2B, PRPS1, HMGA1, POLA2, RBBP7, LMNB1, KIF22, BRCA2, DLGAP5, MAD2L1, STMN1, MKI67, MSH2, HUS1, MXD3, EZH2, USP1, SPAG5, PNN, DCK, MRE11, CDKN1B, CENPM, DDX39A, WEE1, DSCC1, NME1, NUP153, CCNB2, CCP110"
"HALLMARK_ESTROGEN_RESPONSE_EARLY",2.5747205495302e-09,1.06481129080316e-08,0.774939030136436,0.4875380230173,2.10994363060465,161,"MAST4, SH3BP5, PODXL, ELOVL5, TPBG, RET, HES1, INHBB, SLC7A2, FHL2, ADCY9, FKBP5, NCOR2, BCL11B, SLC1A1, RPS6KA2, MYC, BHLHE40, GJA1, CALCR, OVOL2, DHCR7, KRT18, ENDOD1, CD44, ABLIM1, ADD3, PRSS23, NAV2, LRIG1, XBP1, RRP12, RAB17, B4GALT1, MED13L, DEPTOR, TIAM1, KLF4, NRIP1, DHRS3, CHPT1, MYBL1, FRK, RASGRP1, TIPARP, EGR3, FOS, SLC22A5, PPIF, DHRS2, KCNK5, AFF1, CCND1, PMAIP1, IL6ST, SFN, IGF1R, SLC37A1, MINDY1, OPN3, TOB1, SYBU, SCARB1, MYB, KLF10, SLC1A4, ABAT, PDLIM3, RHOBTB3, ITPK1, ZNF185, ANXA9, REEP1, MYOF, RETREG1, NADSYN1, AMFR, FDFT1, AREG"
"HALLMARK_MYOGENESIS",1.94280891901411e-08,4.62573552146216e-08,0.73376198835648,0.490250556914679,2.10595264948817,143,"DMD, ITGB5, CKMT2, PKIA, APP, KLF5, PTP4A3, FST, ITGB1, ADCY9, MYLK, AGL, PTGIS, GAA, APLNR, MB, KIFC3, BHLHE40, COL6A3, ABLIM1, COL3A1, NAV2, MYH9, IGFBP3, CD36, BIN1, RYR1, BDKRB2, MYOM2, PDE4DIP, SCD, PSEN2, MYL1, TGFB1, IFRD1, SGCA, LPIN1, WWTR1, EPHB3, FGF2, CASQ1, MAPRE3, HBEGF, GJA5, CACNA1H, MEF2D, PICK1, HDAC5"
"HALLMARK_UV_RESPONSE_UP",3.81540109916369e-08,8.29435021557325e-08,0.719512826338911,0.48724350940226,2.09717389118365,141,"SLC25A4, RET, SOD2, BTG3, PPP1R2, CHKA, PTPRD, GCH1, RPN1, CDKN2B, GAL, GLS, PLCL1, CDO1, GGH, SHOX2, AGO2, TST, BTG1, ABCB1, BMP2, COL2A1, UROD, IRF1, ONECUT1, YKT6, ACAA1, RASGRP1, FGF18, IL6, PSMC3, ATF3, E2F5, CYB5B, FOS, BCL2L11, CDC5L, ATP6V1C1, HSPA2, PDAP1, PPIF, TFRC, IL6ST, HNRNPU, MAOA, MSX1, DNAJA1, CDC34, HSPA13, DNAJB1, CA2, HLA-F, FOSB, BAK1, TAP1, PDLIM3, STIP1"
"HALLMARK_HYPOXIA",1.1581519267352e-09,5.27160926952159e-09,0.788186810800237,0.479141738478743,2.09071831250938,170,"LDHC, GPC3, NOCT, GPI, TPBG, GBE1, XPNPEP1, AKAP12, PDK3, IRS2, KLF6, ADM, CITED2, F3, GAA, SLC2A3, IER3, JUN, BHLHE40, AK4, FOSL2, MXI1, MAP3K1, GLRX, BTG1, CSRP2, CXCR4, HOXB9, AMPD3, KLF7, MYH9, VHL, IGFBP3, PRKCA, TES, PFKFB3, DCN, TPD52, MAFF, EGFR, SDC3, CASP6, PIM1, PPARGC1A, FOXO3, IDS, TIPARP, IL6, STBD1, MIF, ATF3, ETS1, FOS, GALK1, TNFAIP3, HK2, FBP1, ALDOC, DUSP1, NR3C1, NEDD4L, ISG20, KDM3A, ATP7A, SLC6A6, PLIN2, EDN2, RBPJ, DPYSL4, SCARB1, PDK1, P4HA1, UGP2, NFIL3, PFKP, EXT1, BNIP3L, PGM1, HDLBP, PAM, PPP1R3C"
"HALLMARK_COMPLEMENT",5.57205465318648e-09,1.74563166038438e-08,0.761460801445585,0.486404428815133,2.08936126032938,158,"CASP4, CALM3, PCLO, DGKG, GCA, CBLB, XPNPEP1, PIK3CA, CR1, CTSL, FYN, F2, PIK3CG, KLKB1, USP15, GRB2, F3, LIPA, GATA3, GZMB, ZFPM2, HSPA1A, CTSC, LGALS3, PRCP, DPP4, CD36, GNB2, CEBPB, MAFF, CTSO, CD55, IRF1, PIM1, LAMP2, CASP10, ZEB1, KYNU, PDP1, RASGRP1, IL6, WAS, DUSP5, USP16, CPM, LTF, SPOCK2, CALM1, CD40LG, DYRK2, TNFAIP3, GNG2, PRDM4, NOTCH4, GNAI2, RHOG, FN1, TIMP2, CTSB, PRSS3, GMFB, APOBEC3F, ERAP2, USP8, F5, CA2, DUSP6, ANXA5, CD46, PPP2CB, DOCK9"
"HALLMARK_OXIDATIVE_PHOSPHORYLATION",1.55122219032411e-08,4.08216365874766e-08,0.73376198835648,0.480180986919226,2.07737732322286,162,"ATP1B1, SLC25A4, COX7C, MRPL35, GPI, UQCRFS1, MTRF1, MTRR, PDK4, OXA1L, NQO2, NDUFV2, RHOT1, NDUFB6, ACAA2, RETSAT, NDUFB5, SDHA, MRPS30, NDUFA5, NDUFB4, GOT2, NNT, IDH2, PDP1, ACAA1, NDUFA4, PDHA1, COX7B, SLC25A3, NDUFB1, NDUFB2, DLST, ATP6V1C1, NDUFV1, UQCR11, IMMT, ATP6V1H, UQCRC2, GLUD1, GPX4, OPA1, ISCU, MRPL11, MPC1, NDUFA8, ABCB7, ACADVL, ACADM, COX10, TIMM50, DLAT, PDHX, CS, ATP6V1G1, VDAC1, SLC25A5, CYB5R3, LDHB, VDAC2, COX5A, ATP6V0B, IDH3G, CYCS, TCIRG1, COX6A1, ATP6V0E1, ACO2, COX7A2L, NDUFS8, COX8A, MGST3, UQCRQ, NDUFA6, ATP6V1F, PHB2, ACAT1, SUCLG1, ATP6V1E1, LDHA, SUPV3L1, ETFA, BDH2, ETFDH, LRPPRC, TOMM70, DLD, NDUFB7, DECR1, VDAC3, COX6B1, GRPEL1"
"HALLMARK_KRAS_SIGNALING_UP",1.70538470957718e-08,4.26346177394295e-08,0.73376198835648,0.483057232201027,2.07653165969453,157,"ADGRL4, PRKG2, NGF, STRN, PTPRR, CPE, FGF9, NRP1, EMP1, AKAP12, NIN, HDAC9, BPGM, ETV4, IKZF1, GPRC5B, BTBD3, DCBLD2, SATB1, USP12, ARG1, PTBP2, GYPC, ANKH, ST6GAL1, TRAF1, MAP3K1, GLRX, TRIB1, GADD45G, CXCR4, PTCD2, TFPI, ABCB1, IGFBP3, PRDM1, BMP2, IRF8, KLF4, ITGA2, CCSER2, LCP1, SOX9, IL7R, TSPAN13, ETS1, ETV5, TRIB2, GFPT2, ID2, CROT, ZNF277, GALNT3, ITGBL1, TNFAIP3, HBEGF, LAPTM5, AMMECR1, G0S2, HKDC1, IL33, IL2RG, CA2, DUSP6"
"HALLMARK_INTERFERON_GAMMA_RESPONSE",2.76850935608822e-09,1.06481129080316e-08,0.774939030136436,0.477962872045537,2.07518086527737,167,"CASP4, SOD2, CD38, RAPGEF6, NOD1, MTHFD2, BANK1, SLAMF7, PELI1, GCH1, RSAD2, BPGM, LATS2, RNF213, DDX60, TRIM14, IRF4, BST2, VCAM1, IL7, PTPN2, BTG1, RIPK2, ARL4A, TNFSF10, NMI, AUTS2, IRF8, ARID5B, PSMA3, XCL1, IRF1, PIM1, MYD88, IL6, HLA-DRB1, ST8SIA4, HLA-B, PTPN1, SAMHD1, FAS, IFI44, IFIH1, CASP8, RIPK1, NFKB1, IFNAR2, TNFAIP3, MX1, UPP1, TNFAIP6, ISG20, HIF1A, TXNIP, HLA-G, CD40, SPPL2A, SRI, TRIM21, TAP1, STAT4, IFIT2, SOCS1, PDE4B, SLC25A28, PFKP, IL18BP, IRF9, KLRK1"
"HALLMARK_EPITHELIAL_MESENCHYMAL_TRANSITION",2.77543603300222e-08,6.30780916591413e-08,0.73376198835648,0.47976686427435,2.0741092017581,154,"ITGB5, CDH2, DKK1, SNTB1, PFN2, CALD1, LOXL1, LAMA3, ITGB1, TIMP3, COL11A1, MYLK, PLOD2, EDIL3, SERPINE2, GLIPR1, CTHRC1, JUN, NID2, NTM, FZD8, GJA1, WIPF1, COL6A3, CD44, VCAM1, PTX3, FBLN2, LAMC2, COL3A1, FBLN5, IGFBP3, SNAI2, MGP, DCN, MAGEE1, ITGA2, ITGAV, COL12A1, CADM1, SLIT3, WNT5A, COL8A2, ABI3BP, IL6, MYL9, TGFB1, COLGALT1, THBS2, FAS, VIM, ID2, FGF2, NNMT, COL5A2, GPX7, ANPEP, TNFAIP3, PRSS2, ACTA2, FN1, DPYSL3, GADD45A, MSX1"
"HALLMARK_ANDROGEN_RESPONSE",1.41702326878754e-06,2.72504474766834e-06,0.643551836150722,0.518066111537309,2.06657693553731,92,"HMGCR, INPP4B, ELOVL5, MAF, MERTK, AKAP12, FKBP5, HMGCS1, ELL2, SLC38A2, ABCC4, PDLIM5, ANKH, SELENOP, SRP19, ACTN1, ZMIZ1, HERC3, RRP12, B4GALT1, ARID5B, TPD52, ITGAV, ZBTB10, RAB4A, SCD, NGLY1, STK39"
"HALLMARK_WNT_BETA_CATENIN_SIGNALING",3.30595543909234e-05,5.00902339256415e-05,0.557332238758646,0.622329540438743,2.06081523037243,38,"DKK1, AXIN2, NCOR2, PPARD, MYC, LEF1, FZD8, CUL1, HEY1, GNAI1, HDAC11, WNT1, PSEN2, WNT5B, CSNK1E, PTCH1, NOTCH4, HDAC5, RBPJ, NUMB, HEY2, DLL1"
"HALLMARK_HEME_METABOLISM",1.2919748966171e-08,3.58881915726972e-08,0.747739663149885,0.478723852532073,2.05395132985592,159,"MINPP1, RNF19A, SMOX, SLC7A11, TRAK2, ELL2, USP15, VEZF1, LPIN2, BPGM, SLC30A10, SPTB, PICALM, FOXJ2, GYPC, MOCOS, ENDOD1, TOP1, MXI1, KLF3, MOSPD1, AGPAT4, ANK1, SLC22A4, BACH1, EPB41, UROD, LMO2, CLCN3, FOXO3, LAMP2, NNT, TCEA1, TSPAN5, FN3K, EPB42, AHSP, RIOK3, UCP2, HBB, KDM7A, E2F2, MBOAT2, CDR2, NUDT4, CAST, RBM38, TFRC, NEK7, SLC30A1, NCOA4, NR3C1, GDE1, GAPVD1, ARL2BP, ALDH1L1, CTSB, SEC14L1, GLRX5, TNRC6B, CA2, ABCB6, BMP2K, TNS1, SLC25A37, HDGF, CPOX, GCLM, YPEL5"
"HALLMARK_IL6_JAK_STAT3_SIGNALING",8.4683017039661e-06,1.41138361732768e-05,0.593325476396405,0.540032414521894,2.04411586624669,67,"IFNAR1, CXCL13, CD38, ITGA4, GRB2, JUN, OSMR, CD44, IL7, PTPN2, CSF1, CD36, MAP3K8, IRF1, PIM1, DNTT, MYD88, IL6, TGFB1, PTPN1, FAS, STAM2, IL6ST, CD14, IL1R1, IL18R1, IL2RG, BAK1, PDGFC, TNFRSF21, PTPN11, SOCS1, PIK3R5, IRF9"
"HALLMARK_MYC_TARGETS_V1",5.04639638479402e-09,1.74563166038438e-08,0.761460801445585,0.462895376953641,2.028662538172,178,"SYNCRIP, KPNB1, SERBP1, EIF4G2, DHX15, DDX18, PCBP1, HNRNPD, RPL34, MYC, HNRNPA3, CUL1, KPNA2, STARD7, RPLP0, CLNS1A, PSMD14, NAP1L1, XPOT, PABPC1, ODC1, EIF4E, GOT2, EIF3D, MCM6, SRSF1, IFRD1, SNRPD2, NCBP2, SLC25A3, RRM1, PWP1, CCT2, ACP1, SMARCC1, BUB3, SRPK1, CCT4, SSBP1, CTPS1, HNRNPU, TRA2B, HNRNPA2B1, RPL6, EIF4A1, AIMP2, VBP1, NHP2, CNBP, RPS3, SF3B3, HPRT1, HNRNPC, MAD2L1, HDGF, PTGES3, PSMC4, FAM120A, HNRNPR, PSMD3, PSMA6, USP1, VDAC1, PSMD1, GLO1, PRPS2, SET, PSMA4, HSPD1, COX5A, SNRPA1, SNRPB2, NME1, ILF2, ETF1, EIF4H, RPL14, UBE2E1, RPS6, YWHAE, YWHAQ, LSM2, CDC45, PPIA, PHB2, CDK2, DEK, LDHA"
"HALLMARK_SPERMATOGENESIS",4.45501735419515e-06,7.95538813249134e-06,0.610526878385931,0.495048405654452,2.00631145903939,98,"GRM8, TUBA3C, LDHC, IDE, CRISP2, NEK2, DCC, TSN, TNP1, CDK1, CLVS1, CAMK4, MLF1, PRKAR2A, ARL4A, PDHA2, TTK, RPL39L, KIF2C, GFI1, PEBP1, SLC12A2, LPIN1, ADCYAP1, STAM2, PGK2, PIAS2, MLLT10, HSPA2, NAA11, NCAPH, DMRT1, PSMG1, ZC2HC1C, PACRG, HSPA4L, JAM3, MAP7, GSG1, SIRT1, SPATA6, DNAJB8, CHFR, TCP11, ZC3H14, EZH2, AGFG1"
"HALLMARK_PEROXISOME",9.11846670234118e-06,1.47072043586148e-05,0.593325476396405,0.498880067451109,1.99884551791187,94,"NR1I2, ACSL5, IDE, SLC25A4, ELOVL5, ATXN1, SOD2, ECI2, SEMA3C, PEX2, CLN8, ABCD2, PEX13, ABCB1, ESR2, RETSAT, PABPC1, DHRS3, CADM1, IDH2, ACAA1, PEX6, CLN6, NUDT19, SLC23A2, SIAH1, SMARCC1, CACNA1B, ALDH1A1, CTPS1, SLC25A19, PEX14, CNBP, HSD17B11, ABCC5, BCL10, ACSL4, GNPAT"
"HALLMARK_ADIPOGENESIS",2.92083233100701e-07,6.0850673562646e-07,0.674962860011025,0.446153443656229,1.94482278619714,174,"ELOVL6, MAP4K3, MTCH2, GBE1, PTGER3, TANK, COQ9, MYLK, CMBL, ABCA1, G3BP2, DHCR7, BCL6, MRAP, RREB1, TST, TKT, AK2, ARL4A, ATL2, LAMA4, ACAA2, CD36, PFKFB3, RETSAT, NDUFA5, GPHN, FZD4, ARAF, NABP1, DNAJC15, ENPP2, BAZ2A, COX7B, RIOK3, UCP2, PPM1B, GHITM, HIBCH, UQCR11, IMMT, STAT5A, CD151, GPX4, PEX14, GADD45A, PLIN2, TOB1, MIGA2, SCARB1, COL4A1, VEGFB, RNF11, ACADM, AGPAT3, JAGN1, SLC27A1, PGM1, DLAT, CS, PDCD4, DHRS7, PEMT, IDH3G, ADIPOQ, QDPR, COX6A1, GPAM, ACO2, COX8A, MGST3, ACADS, PTCD3, CAT, ADIPOR2, SOD1, UQCRQ, PIM3, SUCLG1, ABCB8, APLP2, CAVIN2, CDKN2C, DLD, NDUFB7, SAMM50, SLC25A10, SORBS1, DECR1, SLC19A1, HADH, GRPEL1, NKIRAS1, CYP4B1, PPP1R15B, SULT1A1, RTN3, IDH3A, ACLY, TALDO1"
"HALLMARK_TGF_BETA_SIGNALING",0.00021402126441091,0.000289217924879608,0.518848077743792,0.562831348954665,1.9388319699449,44,"NCOR2, SMAD3, SMURF1, BMP2, SPTBN1, TGFB1, ARID4B, SKI, PPM1A, ID2, WWTR1, NOG, TRIM33, SMURF2, APC, TGIF1, MAP3K7, KLF10, UBE2D3, TGFBR1, SMAD7, ID1, BMPR1A, JUNB, ID3, CTNNB1, FURIN, LTBP2, SLC20A1"
"HALLMARK_UNFOLDED_PROTEIN_RESPONSE",4.77331987471998e-05,7.01958805105879e-05,0.557332238758646,0.463425502472573,1.90642535739503,102,"DNAJC3, SERP1, RPS14, MTHFD2, EDEM1, BAG3, KIF5B, XBP1, EIF4EBP1, NFYA, SLC30A5, CEBPB, XPOT, CXXC1, EIF4E, NABP1, PSAT1, EEF2, DCP2, TUBB2A, ATF3, DKC1, DDX10, EIF4A1, EXOSC10, NHP2, EIF2AK3, NFYB, ATF6, LSM1, SLC1A4, FKBP14, YWHAZ, CNOT2, SRPRB, ALDH18A1, HSP90B1, WIPI1, DNAJA4, HSPA5"
"HALLMARK_GLYCOLYSIS",5.08970374059081e-07,1.01794074811816e-06,0.659444398037935,0.43652420742959,1.90328630820282,169,"B4GALT7, LDHC, GPC3, B3GAT1, TPBG, MERTK, PDK3, IRS2, ARTN, TGFA, CITED2, AGL, PLOD2, CDK1, IER3, FUT8, SLC35A3, AK4, ALDH7A1, CD44, GUSB, MXI1, GLRX, FBP2, CXCR4, NDST3, B4GALT1, IGFBP3, DCN, EGFR, SDC3, CASP6, GOT2, B3GNT3, SOX9, ARPP19, LHX9, MIF, PKM, TPST1, POLR3K, CLN6, SLC25A13, GALK1, HK2, CACNA1H, ISG20, PAXIP1, PRPS1, EXT2, BIK, EGLN3, DPYSL4, B4GALT4, PYGL, ABCB6, P4HA1, PPP2CB, UGP2, GMPPB, STMN1, RPE, GNPDA1, GLCE, PSMC4, CTH, PFKP, EXT1, HDLBP, PAM"
"HALLMARK_HEDGEHOG_SIGNALING",0.000545954285828991,0.000682442857286239,0.477270815362862,0.597166441537043,1.89226734641692,32,"AMOT, NRP1, TLE1, NRP2, NRCAM, HEY1, SHH, MYH9, UNC5C, PTCH1, TLE3, RTN1, ADGRG1, RASA1, CDK6"
"HALLMARK_XENOBIOTIC_METABOLISM",3.06835723107345e-06,5.68214302050639e-06,0.627256739718528,0.436483335281098,1.89098045089031,151,"SMOX, CYP2C18, ELOVL5, MAN1A1, HACL1, GCH1, PDK4, LPIN2, PPARD, FETUB, ARG1, PDLIM5, MBL2, MCCC2, CDO1, ABCD2, CYP2J2, CD36, IRF8, RETSAT, SAR1B, MTHFD1, ADH5, CASP6, TGFB2, ARPP19, BCAT1, PROS1, SERTAD1, KYNU, SSR3, ESR1, FAS, ID2, TPST1, CROT, ACP1, NDRG2, TAT, UPB1, UPP1, FBP1, MAOA, COMT, IL1R1, DDAH2, SLC6A6"
"HALLMARK_KRAS_SIGNALING_DN",1.64622952888187e-05,2.57223363887792e-05,0.575610261071129,0.443370200132521,1.87172943227794,125,"HTR1B, TENM2, HTR1D, EFHD1, PTGFR, TEX15, THRB, EPHA5, SIDT1, SLC16A7, RSAD2, KCNE2, DCC, FGGY, ARPP21, PRKN, KRT1, ZBTB16, SELENOP, DTNB, EDN1, SHOX2, CDKAL1, TFAP2B, TLX1, EGF, ABCB11, YPEL1, SLC5A5, CLSTN3, RYR1, COL2A1, SLC29A3, PTPRJ, LFNG, GRID2, TGFB2, TFCP2L1, CAMK1D, VPS50, NR4A2, CALCB, CLDN16, LYPD3, CD40LG, GPR19, VPREB1, MX1"
"HALLMARK_PROTEIN_SECRETION",7.50428762520989e-05,0.00010720410893157,0.538434096309916,0.470595735224911,1.86567165490256,88,"MON2, ARFGEF1, CAV2, TMED2, ABCA1, GALC, KRT18, SGMS1, CTSC, RAB2A, SEC22B, M6PR, STAM, GNAS, IGF2R, TPD52, EGFR, CLCN3, LAMP2, YKT6, RER1, ANP32E, ICA1, ATP6V1H, BET1, GBF1, ATP7A, SNX2, RPS6KA3, RAB22A, RAB5A, RAB9A, AP3B1, PAM, ATP1A1, NAPG, VAMP3, VPS45, ERGIC3, AP2S1, VAMP4, SEC24D, YIPF6, VAMP7, SOD1, MAPK1"
"HALLMARK_INTERFERON_ALPHA_RESPONSE",0.000270560677673213,0.00035600089167528,0.49849310876659,0.469732396497207,1.85367715362275,80,"SELL, NCOA7, RSAD2, DDX60, TRIM14, BST2, IL7, RIPK2, GMPR, CSF1, NMI, CD47, PSMA3, IRF1, TRIM5, IFI44, IFIH1, CASP8, MX1, LPAR6, ISG20, TXNIP, TRIM21, NUB1, TAP1, IFIT2, SLC25A28, IRF9, MOV10"
"HALLMARK_NOTCH_SIGNALING",0.00108386375431232,0.00129031399322895,0.45505986738723,0.576222818389999,1.81140802396487,30,"RBX1, HES1, TCF7L2, PPARD, CUL1, DTX2, PRKCA, MAML2, LFNG, WNT5A, PSEN2, FZD5"
"HALLMARK_APICAL_JUNCTION",7.81195392239741e-06,1.3468886073099e-05,0.593325476396405,0.413396635060832,1.78907809417984,161,"CDH8, ADAM23, CADM2, AMIGO2, NECTIN3, ADRA1B, NEGR1, CTNNA1, LAMA3, ITGB1, DSC3, MAP3K20, CDH4, RSU1, CNTN1, EVL, IRS1, FSCN1, TRAF1, GNAI1, VCAM1, COL9A1, ACTN1, LAMC2, MYH9, B4GALT1, CD276, EGFR, ITGA2, SDC3, PTK2, ACTG2, ITGA9, MAPK14, MYL9, MSN, ADAMTS5, ACTN4, CD34, MYL12B, NRTN, ICAM2, RASA1, GNAI2"
"HALLMARK_CHOLESTEROL_HOMEOSTASIS",0.000962270551758916,0.00117350067287673,0.477270815362862,0.472647392255627,1.77876283564059,66,"STARD4, CBS, HMGCR, PDK3, HMGCS1, CHKA, CPEB2, DHCR7, GUSB, GNAI1, ALCAM, LGALS3, S100A11, MAL2, SCD, ATF3, GPX8, SC5D, ALDOC"
"HALLMARK_APICAL_SURFACE",0.00491809707205324,0.00546455230228138,0.407017918923954,0.514078886476582,1.72123030927127,39,"APP, AFAP1L2, DCBLD2, GATA3, B4GALT1, EFNA5, SCUBE1, AKAP7, LYPD3, SLC2A4, MAL, NCOA6, CRYBG1, MDGA1, HSPB1, ATP6V0A4, IL2RG, CROCC"
"HALLMARK_REACTIVE_OXYGEN_SPECIES_PATHWAY",0.00656375258348486,0.00713451367770093,0.407017918923954,0.478748286638435,1.66168302422996,46,"SOD2, TXNRD2, MBP, GLRX, IPCEF1, EGLN2, NDUFB4, PTPA, MGST1, TXNRD1, GPX4, LSP1, GCLM, PRDX6, PFKP, OXSR1, SCAF4, PRNP, JUNB, CAT, SOD1, GLRX2, NDUFA6, STK25, GCLC, HMOX2, ATOX1, MSRA"
"HALLMARK_P53_PATHWAY",0.000114673321281062,0.000159268501779252,0.538434096309916,0.377755028982294,1.65222642834691,171,"APP, RPS27L, INHBB, SLC7A11, ERCC5, CDKN2AIP, TGFA, S100A10, HINT1, XPC, CDKN2B, CLCA2, IER3, JUN, ZFP36L1, RAP2B, ZBTB16, DEF6, BTG1, FBXW7, WWP1, ZMAT3, IER5, PERP, BMP2, RETSAT, KLF4, MXD4, CD82, FOXO3, TGFB1, ATF3, SERPINB5, FAS, FOS, CGRRF1, SESN1, TPRKB, HBEGF, DNTTIP2, UPP1, TCN2, ABHD4, SFN, TXNIP, RHBDF2, GADD45A, HSPA4L, TOB1, ISCU, ALOX15B, ABCC5, BAK1, PRMT2, ABAT, TAP1, HEXIM1, SOCS1, BLCAP, HDAC3, FGF13, TM7SF3, PLK2, RXRA, LDHB, RPS12, SEC61A1, DGKA, CDK5R1, KRT17, BTG2, CCP110, SLC3A2, PITPNC1, EI24, TAX1BP3, ANKRA2, ST14, GM2A"
"HALLMARK_DNA_REPAIR",0.000430114606532466,0.000551428982733931,0.49849310876659,0.389495214100068,1.64302032901576,127,"RFC3, ZWINT, RBX1, NT5C3A, RPA3, UMPS, POLB, ERCC5, TMED2, XPC, RPA2, CSTF3, SNAPC5, ERCC4, GTF2B, POLR3GL, RRM2B, NUDT9, RFC2, POLL, NCBP2, RFC5, POLA1, DAD1, SUPT5H, MRPL40, RAE1, MPC2, GPX4, POLA2, POLR2K, RALA, HPRT1, TAF10, POLR1D, DCTN4, TAF12"
"HALLMARK_BILE_ACID_METABOLISM",0.00332825194228169,0.00378210447986555,0.431707695803346,0.404910768544462,1.61080707392982,90,"NR1I2, ACSL5, ATXN1, HACL1, ABCA1, HAO1, EFHC1, NUDT12, ABCD2, PEX13, NR3C2, RETSAT, AKR1D1, TFCP2L1, IDH2, APOA1, PAOX, PEX1, PEX6, CROT, SLC23A2, ALDH1A1, HSD17B11, PEX12, PEX11G, GNPAT, GCLM, HSD3B7, NPC1, RXRA, CH25H, LONP2, PECR, PEX7, HSD17B4"
"HALLMARK_FATTY_ACID_METABOLISM",0.00229808193594154,0.00267218829760645,0.431707695803346,0.371304670014728,1.58541557373893,133,"ACSL5, ELOVL5, ECI2, HMGCS1, S100A10, AUH, SUCLG2, ALDH3A2, FABP2, ACAA2, CD36, RETSAT, ODC1, SDHA, UROD, ACAA1, PDHA1, MIF, AOC3, SERINC1, SLC22A5, RAP1GDS1, HSPH1, DLST, HIBCH, ALDH1A1, CRYZ, MAOA, CD1D, G0S2, HSD17B11, CA2, ACSL4, CPOX, NTHL1, ACADVL, ACADM, PRDX6, HSD17B7, CA4, ACOT2, METAP1, EHHADH, CBR3, AQP7, IDH3G, HSD17B4, IL4I1, ACO2, PPARA, ACADS, CA6, GLUL, ADIPOR2, ADSL, UGDH, SUCLG1, LDHA, ETFDH, PTS, KMT5A, PTPRG, DLD"
"HALLMARK_MYC_TARGETS_V2",0.0160634342325186,0.0167327439922069,0.352487857583619,0.432163778199118,1.54121999327674,53,"PLK4, NOC4L, DDX18, MYC, RRP12, MPHOSPH10, HK2, LAS1L, AIMP2, NDUFAF4"
"HALLMARK_COAGULATION",0.0118222411800548,0.0125768523192073,0.380730400722792,0.375686781355213,1.49055689692236,87,"FYN, TIMP3, F2, DCT, KLKB1, DUSP14, F3, MBL2, ANXA1, PRSS23, RAC1, KLF7, DPP4, GNB2, CPN1, MAFF, ITGA2, CTSO, LAMP2, PROS1, APOA1, GNG12"
"HALLMARK_PANCREAS_BETA_CELLS",0.0441601266781841,0.0450613537532491,0.321775918075361,0.478106138149502,1.46171481341978,27,"G6PC2, PAX6, ISL1, FOXO1, DPP4, PCSK1, LMO2"
"HALLMARK_ANGIOGENESIS",0.0684326710816777,0.0684326710816777,0.257206466468838,0.478288764312664,1.42746626470143,24,"APP, SLCO2A1, NRP1, COL3A1, ITGAV, PTK2, COL5A2, APOH, LRPAP1, FGFR1, MSX1, TNFRSF21, SPP1"
